,Cpd,Formula,RT,Mass,CAS_ID,Source,Score,Algorithm
0,406,C16H32O,16.703,240.2452,,FBF,99.94,FBF
1,422,C14H28O,16.34,212.2141,,FBF,99.9,FBF
2,3545,C14H31NO,16.054,229.2406,,FBF,99.9,FBF
3,875,C9H16O,15.586,140.1202,,FBF,99.89,FBF
4,477,C9H19NO,15.586,157.1467,,FBF,99.89,FBF
5,258,C5H8O2,10.57,100.0523,,FBF,99.84,FBF
6,653,C6H15N,17.56,101.1206,,FBF,99.82,FBF
7,41,C4H8N2O,16.236,100.0639,,FBF,99.7,FBF
8,246,C5H11NO2,10.57,117.0788,,FBF,99.65,FBF
9,870,C6H12,17.56,84.0941,,FBF,99.61,FBF
10,3535,C16H35NO2,7.009,273.2664,,FBF,99.35,FBF
11,249,C16H32O2,7.009,256.2399,,FBF,99.35,FBF
12,3774,C34H65NO2,22.055,519.5015,,FBF,99.33,FBF
13,867,C14H28,16.859,196.2191,,FBF,99.3,FBF
14,273,C30H58O4S,20.419,514.4059,,FBF,98.96,FBF
15,656,C8H19N,16.054,129.1515,,FBF,98.93,FBF
16,3569,C8H18O5,17.82,194.1157,,FBF,98.87,FBF
17,3726,C36H69NO2,18.651,547.5326,,FBF,98.85,FBF
18,3312,C5H4N4,19.431,120.0437,,FBF,98.79,FBF
19,252,C10H18O2,12.441,170.1308,,FBF,98.69,FBF
20,3532,C18H39O7P,9.504,398.243,,FBF,98.54,FBF
21,2621,C53H82NO8P,20.081,891.5776,,FBF,98.46,FBF
22,355,C14H24O2,17.56,224.1774,,FBF,98.4,FBF
23,4237,C18H39NO,17.534,285.3032,,FBF,98.33,FBF
24,3663,C18H18O5,8.308,314.1149,,FBF,98.29,FBF
25,424,C18H36O,9.504,268.2759,,FBF,98.09,FBF
26,657,C14H31N,7.347,213.245,,FBF,97.96,FBF
27,3519,C18H15O4P,9.036,326.0705,,FBF,97.86,FBF
28,868,C13H26,7.217,182.2029,,FBF,97.56,FBF
29,658,C13H29N,7.217,199.2295,,FBF,97.56,FBF
30,3632,C9H10N4O4,2.646,238.0717,,FBF,97.41,FBF
31,3624,C11H15NO,5.607,177.1149,,FBF,97.36,FBF
32,59,C12H12N2O2,17.716,216.0902,,FBF,97.35,FBF
33,3739,C33H65NO3,12.701,523.4977,,FBF,97.24,FBF
34,3673,C20H22O5,9.582,342.1468,,FBF,96.67,FBF
35,652,C16H35N,8.308,241.2762,,FBF,96.62,FBF
36,3765,C35H63NO3,12.701,545.4797,,FBF,96.49,FBF
37,711,C23H36O4,9.504,376.2609,,FBF,96.48,FBF
38,4232,C18H39NO2,7.866,301.2973,,FBF,96.45,FBF
39,248,C18H36O2,7.866,284.2708,,FBF,96.45,FBF
40,259,C12H24O2,4.775,200.1768,,FBF,95.86,FBF
41,4149,C43H75N2O6P,20.055,746.5384,,FBF,95.64,FBF
42,369,C27H42O2,5.503,398.3186,,FBF,95.62,FBF
43,4740,C27H45NO2,5.503,415.345,,FBF,95.62,FBF
44,560,C21H42N2O3,8.23,370.3185,,FBF,95.52,FBF
45,4373,C22H29NO6,9.478,403.1987,,FBF,95.48,FBF
46,1345,C63H112O12S,18.209,1092.7865,,FBF,95.43,FBF
47,1859,C31H57NO7,5.503,555.4142,,FBF,95.01,FBF
48,676,C11H19NO4,0.466,229.1323,,FBF,94.99,FBF
49,3528,C12H11O4P,11.453,250.0401,,FBF,94.74,FBF
50,2580,C27H50NO8P,3.893,547.3272,,FBF,94.48,FBF
51,4265,C20H24O2,21.562,296.177,,FBF,94.42,FBF
52,3562,C10H22O5,19.821,222.1471,,FBF,94.39,FBF
53,4229,C16H35NO3,7.113,289.2609,,FBF,94.36,FBF
54,294,C16H32O3,7.113,272.2343,,FBF,94.36,FBF
55,3304,C24H30O6,7.944,414.2036,,FBF,94.24,FBF
56,3563,C20H42O11,3.425,458.2716,,FBF,94.09,FBF
57,3567,C16H34O9,2.646,370.2191,,FBF,94.02,FBF
58,702,C36H64N7O18P3S,19.847,1007.3247,,FBF,94.0,FBF
59,1367,C70H118O13S,20.159,1198.8231,,FBF,94.0,FBF
60,4463,C20H34O4S,13.117,370.2182,,FBF,93.85,FBF
61,3309,C5H5N5,17.171,135.0544,,FBF,93.82,FBF
62,4076,C60H107NO12S,14.911,1065.7516,,FBF,93.38,FBF
63,3476,C18H28N8O4,9.478,420.2246,,FBF,93.37,FBF
64,4187,C25H49N2O7P,3.685,520.3281,,FBF,93.34,FBF
65,2386,C25H46NO7P,3.685,503.3014,,FBF,93.34,FBF
66,4547,C21H35NO7S,4.749,445.213,,FBF,93.16,FBF
67,461,C15H31NO,10.933,241.24,,FBF,93.15,FBF
68,4264,C33H52O7,5.503,560.3696,,FBF,93.07,FBF
69,1865,C33H55NO7,5.503,577.3961,,FBF,93.07,FBF
70,3610,C7H10O6S,0.933,222.019,,FBF,92.93,FBF
71,3564,C14H30O8,2.698,326.1943,,FBF,92.92,FBF
72,686,C20H31NO6,9.504,381.2167,,FBF,92.81,FBF
73,3411,C17H34N10O5,3.425,458.2717,,FBF,92.7,FBF
74,4473,C22H38O5S,3.088,414.2456,,FBF,92.67,FBF
75,3566,C18H38O10,3.088,414.2456,,FBF,92.51,FBF
76,936,C35H52O5,14.885,552.3821,,FBF,92.48,FBF
77,455,C21H39NO3,8.23,353.2925,,FBF,92.41,FBF
78,862,C34H68,16.911,476.5314,,FBF,92.39,FBF
79,171,C12H8N2,0.933,180.0693,,FBF,92.22,FBF
80,4685,C46H75NO7S,20.081,785.5257,,FBF,92.15,FBF
81,1188,C52H80O9,22.601,848.5816,,FBF,92.04,FBF
82,103,C24H38O4,15.144,390.2777,,FBF,91.95,FBF
83,274,C22H42O4,15.144,370.3083,,FBF,91.91,FBF
84,1780,C54H84O11,20.081,908.6041,,FBF,91.87,FBF
85,1786,C57H84O11,16.574,944.5998,,FBF,91.85,FBF
86,3601,C16H19N3O5S,4.749,365.1046,,FBF,91.56,FBF
87,1518,C46H79NO10,18.989,805.5696,,FBF,91.48,FBF
88,256,C14H28O2,6.074,228.2082,,FBF,91.42,FBF
89,4114,C26H53N2O7P,18.002,536.3589,,FBF,91.28,FBF
90,1637,C64H117NO10,20.107,1059.8758,,FBF,91.27,FBF
91,4055,C46H79NO11S,22.705,853.5377,,FBF,91.22,FBF
92,4228,C18H39NO3,7.97,317.2922,,FBF,91.06,FBF
93,303,C18H36O3,7.97,300.2656,,FBF,91.06,FBF
94,463,C17H35NO,12.701,269.2723,,FBF,91.04,FBF
95,2665,C62H112NO9P,20.419,1045.8049,,FBF,90.73,FBF
96,4593,C30H53NO9S,18.002,603.3453,,FBF,90.73,FBF
97,3505,C20H28N4O5S,16.703,436.1768,,FBF,90.59,FBF
98,3865,C39H64NO6P,4.412,673.4453,,FBF,90.44,FBF
99,1008,C48H80O10,10.959,816.577,,FBF,90.42,FBF
100,1382,C70H112O12S,18.885,1176.7956,,FBF,90.4,FBF
101,1331,C57H110O13S,20.393,1034.7686,,FBF,90.38,FBF
102,1860,C31H55NO7,5.399,553.3978,,FBF,90.28,FBF
103,1538,C48H83NO10,10.959,833.6029,,FBF,90.04,FBF
104,2696,C43H82NO10P,20.055,803.5712,,FBF,89.91,FBF
105,2267,C15H25O8P,9.582,364.1283,,FBF,89.84,FBF
106,3186,C31H48NO13P,13.611,673.2838,,FBF,89.78,FBF
107,969,C60H106O15,14.911,1066.7537,,FBF,89.73,FBF
108,4406,C24H40O7,10.57,440.2755,,FBF,89.71,FBF
109,253,C20H40O2,8.828,312.3017,,FBF,89.68,FBF
110,309,C32H62O3,14.183,494.4684,,FBF,89.61,FBF
111,3874,C32H65NO3,14.235,511.495,,FBF,89.61,FBF
112,2155,C29H57O7P,18.131,548.3868,,FBF,89.6,FBF
113,6,C18H35NO2,6.49,297.2662,,FBF,89.56,FBF
114,4113,C26H53N2O6P,20.367,520.3636,,FBF,89.56,FBF
115,2423,C41H72NO7P,20.003,721.5092,,FBF,89.53,FBF
116,869,C36H72,16.236,504.5618,,FBF,89.41,FBF
117,3605,C55H74N4O5,22.601,870.5654,,FBF,89.39,FBF
118,576,C16H31NO4,9.764,301.2253,,FBF,89.34,FBF
119,4741,C50H83NO21,5.503,1033.5422,,FBF,89.21,FBF
120,1850,C28H53NO8,15.638,531.3767,,FBF,89.06,FBF
121,3275,C65H111O9P,18.002,1066.7986,,FBF,89.02,FBF
122,2371,C65H127O8P,22.159,1066.9248,,FBF,89.01,FBF
123,2101,C24H40O6,12.441,424.2804,,FBF,88.89,FBF
124,4205,C47H81N2O7P,10.959,816.5763,,FBF,88.8,FBF
125,1353,C65H110O12S,18.209,1114.7672,,FBF,88.5,FBF
126,2190,C41H69O7P,20.003,704.48,,FBF,88.44,FBF
127,743,C26H36O4,15.144,412.2601,,FBF,88.43,FBF
128,1105,C70H120O15,18.833,1200.8627,,FBF,88.39,FBF
129,2806,C47H83O12P,22.601,870.5631,,FBF,88.36,FBF
130,4765,C26H46O7,9.478,470.3233,,FBF,88.32,FBF
131,1939,C69H117NO7,21.796,1071.8818,,FBF,88.1,FBF
132,955,C59H112O15,18.002,1060.7999,,FBF,88.07,FBF
133,2547,C39H76NO9P,20.003,733.5257,,FBF,88.02,FBF
134,4684,C44H77NO7S,20.055,763.5432,,FBF,88.01,FBF
135,2842,C64H113O11P,18.002,1088.8105,,FBF,87.97,FBF
136,3172,C31H54NO13P,12.727,679.3301,,FBF,87.93,FBF
137,451,C19H35NO3,7.217,325.2607,,FBF,87.93,FBF
138,966,C61H110O15,18.002,1082.7818,,FBF,87.83,FBF
139,38,C7H19N3,0.362,145.1578,,FBF,87.75,FBF
140,120,C16H13F2N3O,0.647,301.102,,FBF,87.64,FBF
141,423,C6H8O,14.547,96.0575,,FBF,87.59,FBF
142,4514,C27H46O8S,4.308,530.2927,,FBF,87.56,FBF
143,4578,C27H49NO8S,4.308,547.3189,,FBF,87.56,FBF
144,2512,C26H52NO9P,18.028,553.3386,,FBF,87.55,FBF
145,2447,C31H58NO10P,4.256,635.3778,,FBF,87.49,FBF
146,4147,C42H73N2O6P,20.029,732.5231,,FBF,87.44,FBF
147,3602,C16H18N2O5S,9.842,350.092,,FBF,87.42,FBF
148,988,C40H76O10,11.895,716.5425,,FBF,87.41,FBF
149,245,C4H9NO2,0.388,103.0634,,FBF,87.39,FBF
150,357,C4H6O2,0.388,86.0367,,FBF,87.39,FBF
151,3129,C62H122NO10P,22.159,1071.8818,,FBF,87.35,FBF
152,1827,C68H106O11,18.209,1098.7725,,FBF,87.29,FBF
153,873,C14H26O,10.829,210.1981,,FBF,87.14,FBF
154,479,C14H29NO,10.803,227.2247,,FBF,87.12,FBF
155,738,C35H52O4,1.66,536.3859,,FBF,87.07,FBF
156,297,C14H26O3,17.326,242.1881,,FBF,86.99,FBF
157,419,C15H22O,10.622,218.1666,,FBF,86.98,FBF
158,186,C14H22N2O3,8.906,266.1649,,FBF,86.84,FBF
159,3044,C41H79O13P,20.081,810.5256,,FBF,86.77,FBF
160,4378,C24H31NO7,4.749,445.2126,,FBF,86.76,FBF
161,3635,C7H11N5O,3.763,181.0965,,FBF,86.7,FBF
162,197,C12H20O10,5.503,324.1055,,FBF,86.68,FBF
163,3934,C68H128N2O22,20.055,1324.8901,,FBF,86.67,FBF
164,3462,C12H23N3O5S2,10.284,353.1085,,FBF,86.64,FBF
165,1354,C66H108O12S,18.885,1124.7582,,FBF,86.63,FBF
166,494,C9H16N2O4,8.022,216.1108,,FBF,86.57,FBF
167,14,C5H13NO,0.388,103.0993,,FBF,86.31,FBF
168,400,C5H10O,0.388,86.0727,,FBF,86.31,FBF
169,4105,C36H71N2O6P,11.037,658.5035,,FBF,86.3,FBF
170,1361,C68H120O13S,20.159,1176.8421,,FBF,86.24,FBF
171,20,C16H18FN3O3,0.647,319.1314,,FBF,86.22,FBF
172,1716,C32H58O11,20.263,618.3978,,FBF,86.21,FBF
173,4254,C31H52N2O6,18.131,548.3869,,FBF,86.14,FBF
174,193,C14H19NO2,18.573,233.1421,,FBF,86.12,FBF
175,3136,C64H126NO10P,19.353,1099.9121,,FBF,86.12,FBF
176,1973,C31H59NO6,20.367,541.4319,,FBF,86.12,FBF
177,2236,C27H47O10P,4.749,562.2907,,FBF,86.09,FBF
178,3512,C3H7O4P,0.388,138.0079,,FBF,86.09,FBF
179,3517,C3H10NO4P,0.388,155.0345,,FBF,86.09,FBF
180,1828,C68H106O12,18.209,1114.7679,,FBF,86.02,FBF
181,3513,C2H5O5P,13.195,139.9874,,FBF,86.02,FBF
182,1234,C66H108O10,14.911,1060.7952,,FBF,85.95,FBF
183,4068,C54H97NO11S,16.574,967.674,,FBF,85.94,FBF
184,2016,C47H82O6,18.002,742.6128,,FBF,85.92,FBF
185,352,C12H22O2,10.751,198.1616,,FBF,85.77,FBF
186,2611,C62H112NO8P,20.445,1029.813,,FBF,85.77,FBF
187,3619,C8H15N,21.484,125.1201,,FBF,85.76,FBF
188,4250,C30H47N3O6,17.69,545.3474,,FBF,85.7,FBF
189,2194,C42H81O7P,19.171,728.5727,,FBF,85.66,FBF
190,637,C19H37NO2,7.944,311.2825,,FBF,85.62,FBF
191,399,C17H32O,12.753,252.2447,,FBF,85.6,FBF
192,128,C16H22O4,9.894,278.1516,,FBF,85.52,FBF
193,1444,C35H59NO8,19.093,621.4269,,FBF,85.5,FBF
194,1474,C41H79NO9,20.055,729.5745,,FBF,85.44,FBF
195,207,C4H8O5,16.574,136.0377,,FBF,85.43,FBF
196,3385,C11H16N2O8,9.036,304.0888,,FBF,85.42,FBF
197,3310,C5H4N4O,17.846,136.0382,,FBF,85.29,FBF
198,64,C8H7NO,3.633,133.0524,,FBF,85.28,FBF
199,2493,C36H64NO9P,19.145,685.4309,,FBF,85.19,FBF
207,223,C9H18O3,0.415,174.1254,,FBF,99.61,FBF
215,542,C18H35NO,12.183,281.2722,,FBF,99.26,FBF
216,300,C18H32O,12.183,264.2456,,FBF,99.23,FBF
236,538,C22H43NO,15.327,337.3342,,FBF,97.9,FBF
239,314,C18H37NO,13.535,283.288,,FBF,97.81,FBF
240,302,C18H34O,13.535,266.2615,,FBF,97.81,FBF
247,587,C22H35NO6,7.894,409.248,,FBF,96.6,FBF
249,3446,C20H29N7O4,7.894,431.2299,,FBF,95.81,FBF
252,3735,C9H15NO,0.441,153.1155,,FBF,95.77,FBF
255,524,C18H33NO2,8.804,295.251,,FBF,94.49,FBF
256,265,C18H30O2,8.804,278.2243,,FBF,94.49,FBF
257,1260,C36H66O12S,4.492,722.4278,,FBF,94.41,FBF
258,4378,C36H69NO12S,4.492,739.4543,,FBF,94.41,FBF
260,1322,C38H70O13S,4.596,766.4533,,FBF,94.28,FBF
262,2556,C33H58NO10P,17.195,659.3811,,FBF,94.21,FBF
263,3655,C10H13N3O2,13.249,207.101,,FBF,94.2,FBF
266,11,C9H7N,2.258,129.0577,,FBF,93.89,FBF
267,5146,C48H75NO7S,17.766,809.5265,,FBF,93.85,FBF
268,1447,C33H53NO10,18.156,623.3665,,FBF,93.81,FBF
269,4940,C26H46O7S,3.634,502.298,,FBF,93.46,FBF
274,2938,C31H53O14P,12.625,680.32,,FBF,92.89,FBF
275,3569,C9H17N3O5S,5.037,279.0893,,FBF,92.69,FBF
279,4928,C24H42O6S,3.375,458.2717,,FBF,92.35,FBF
280,23,C7H16N4O,17.039,172.1336,,FBF,92.08,FBF
281,89,C25H30NO3,7.894,392.2229,,FBF,91.89,FBF
284,2496,C19H40NO6P,12.365,409.2582,,FBF,91.48,FBF
285,4885,C36H53NO11,12.625,675.3598,,FBF,91.47,FBF
294,2547,C41H68NO7P,4.492,717.4721,,FBF,90.36,FBF
295,2553,C29H54NO9P,4.05,591.3537,,FBF,90.31,FBF
296,2493,C23H48NO7P,3.608,481.3171,,FBF,90.14,FBF
297,4636,C22H47NO2,9.844,357.36,,FBF,90.13,FBF
299,4635,C20H43NO2,8.752,329.3285,,FBF,89.88,FBF
300,3668,C12H26O7,17.247,282.1685,,FBF,89.75,FBF
302,3744,C17H13NO3,5.037,279.0898,,FBF,89.54,FBF
303,3330,C22H26O6,7.218,386.1732,,FBF,89.27,FBF
305,5,C20H33N3,11.481,315.2659,,FBF,89.17,FBF
306,4760,C21H25NO8,7.894,419.1599,,FBF,89.0,FBF
307,430,C24H40N2O3,12.365,404.3033,,FBF,88.93,FBF
308,4893,C37H59NO8,19.065,645.4215,,FBF,88.9,FBF
309,667,C25H48O4,10.39,412.354,,FBF,88.87,FBF
310,3757,C18H14O4,3.764,294.0878,,FBF,88.82,FBF
311,4008,C35H66NO6P,10.234,627.4619,,FBF,88.77,FBF
312,4487,C35H69N2O6P,10.234,644.4884,,FBF,88.77,FBF
314,1582,C44H78O11,15.015,782.5578,,FBF,88.68,FBF
316,4767,C24H33NO6,7.894,431.2298,,FBF,88.62,FBF
317,1696,C73H118O11,17.818,1170.8644,,FBF,88.57,FBF
318,3353,C4H9NO4,20.649,135.0542,,FBF,88.56,FBF
319,2427,C40H78NO9P,17.688,747.5417,,FBF,88.32,FBF
320,3676,C30H62O10,10.26,582.4318,,FBF,88.31,FBF
322,2035,C36H68O6,15.82,596.5016,,FBF,88.3,FBF
323,3862,C45H81NO3,19.065,683.6197,,FBF,88.28,FBF
325,2996,C68H121O13P,20.312,1176.8556,,FBF,88.19,FBF
326,76,C22H28N2O2,16.572,352.2129,,FBF,88.16,FBF
327,3504,C17H30N6O4S,7.894,414.2043,,FBF,88.14,FBF
328,2708,C28H58O11P2,12.651,632.3455,,FBF,88.13,FBF
332,3625,C5H6O5,10.675,146.0225,,FBF,87.8,FBF
336,4974,C24H39NO10S,6.076,533.23,,FBF,87.67,FBF
338,3602,C21H30N4O4,10.961,402.2251,,FBF,87.56,FBF
340,2247,C49H79O8P,17.74,826.552,,FBF,87.54,FBF
341,4705,C19H22O,16.417,266.1657,,FBF,87.53,FBF
342,2687,C17H35O9P,7.894,414.204,,FBF,87.5,FBF
343,3811,C15H24O3,21.74,252.1706,,FBF,87.48,FBF
344,3533,C22H33N5O4S,3.401,463.2266,,FBF,87.47,FBF
345,4377,C34H65NO11S,4.362,695.4293,,FBF,87.46,FBF
346,1418,C34H62O11S,4.362,678.4026,,FBF,87.46,FBF
347,3652,C21H41N5O7,3.375,475.2983,,FBF,87.46,FBF
348,316,C20H41NO,15.301,311.3175,,FBF,87.44,FBF
349,1578,C42H72O12,17.714,768.5004,,FBF,87.44,FBF
353,3738,C34H40N4O4,3.868,568.3066,,FBF,87.35,FBF
355,837,C8H16,16.884,112.1248,,FBF,87.24,FBF
356,3358,C6H9NO3,12.729,143.0579,,FBF,87.2,FBF
358,3528,C15H30N4O4,6.985,330.2273,,FBF,87.13,FBF
359,1886,C33H57NO6,14.548,563.4194,,FBF,86.99,FBF
360,933,C37H56O5,19.325,580.414,,FBF,86.96,FBF
361,3045,C62H112NO11P,18.104,1077.7966,,FBF,86.88,FBF
363,2805,C44H85O10P,12.677,804.584,,FBF,86.86,FBF
365,827,C22H44O2,9.844,340.3337,,FBF,86.68,FBF
366,1400,C24H44O9,3.375,476.3004,,FBF,86.67,FBF
367,4949,C28H50O8S,3.868,546.3246,,FBF,86.64,FBF
368,2849,C63H124O16P2,20.13,1198.8363,,FBF,86.64,FBF
369,71,C14H12N4O2S,12.729,300.0668,,FBF,86.62,FBF
371,2393,C46H86NO8P,14.678,811.6097,,FBF,86.55,FBF
372,362,C27H41NO5,15.327,459.298,,FBF,86.5,FBF
373,2503,C38H72NO7P,10.961,685.5068,,FBF,86.5,FBF
375,285,C8H18O3,12.313,162.1254,,FBF,86.4,FBF
379,156,C4H10O3,2.648,106.0625,,FBF,86.1,FBF
380,146,C11H14N2O2,1.947,206.106,,FBF,86.06,FBF
381,4716,C21H34O5S,10.857,398.2115,,FBF,86.02,FBF
385,2689,C20H38O,15.223,294.2917,,FBF,85.92,FBF
387,4943,C26H40O6S,3.401,480.2531,,FBF,85.81,FBF
390,2846,C42H70O15P2,14.366,876.4194,,FBF,85.79,FBF
391,4589,C32H57N2O7P,4.232,612.3932,,FBF,85.75,FBF
392,539,C18H33NO,11.403,279.2561,,FBF,85.65,FBF
393,388,C19H33NO3,10.649,323.2468,,FBF,85.65,FBF
394,442,C19H36N2O3,10.675,340.2734,,FBF,85.65,FBF
395,289,C18H30O,11.403,262.2295,,FBF,85.65,FBF
397,1316,C31H46O12S,12.651,642.2723,,FBF,85.63,FBF
398,2558,C45H76NO9P,4.699,805.5258,,FBF,85.59,FBF
399,4051,C25H51NO4,10.364,429.3799,,FBF,85.54,FBF
401,570,C6H12O3,4.489,132.0786,,FBF,99.94,FBF
418,610,C27H50O3,9.973,422.376,,FBF,99.64,FBF
419,832,C27H53NO3,9.973,439.4025,,FBF,99.64,FBF
420,525,C8H14O4,1.501,174.0891,,FBF,99.62,FBF
427,6331,C12H10O2S,6.776,218.0402,,FBF,99.5,FBF
430,8314,C25H34O3,7.634,382.2507,,FBF,99.47,FBF
431,1463,C18H36,10.155,252.2812,,FBF,99.45,FBF
432,1180,C18H39N,10.155,269.3081,,FBF,99.45,FBF
434,1261,C28H54O4,17.536,454.4024,,FBF,99.38,FBF
442,6831,C28H57NO4,17.536,471.4289,,FBF,99.31,FBF
443,1244,C14H23NO6,7.997,301.1528,,FBF,99.26,FBF
444,6264,C9H14O3,7.478,170.094,,FBF,99.25,FBF
445,8315,C25H32O3,7.036,380.2348,,FBF,99.22,FBF
447,684,C13H22O2,13.092,210.162,,FBF,99.19,FBF
453,7696,C26H34O6,7.945,442.2355,,FBF,99.06,FBF
455,833,C29H57NO3,11.143,467.4333,,FBF,99.05,FBF
458,816,C14H25NO5,8.335,287.1734,,FBF,99.04,FBF
459,5919,C15H28N6O7,7.27,404.202,,FBF,99.04,FBF
461,723,C9H16O2,7.945,156.1147,,FBF,98.94,FBF
462,621,C29H54O3,11.143,450.4068,,FBF,98.9,FBF
463,6274,C10H22O6,0.41,238.1416,,FBF,98.9,FBF
464,4925,C46H88O15P2,4.957,942.5605,,FBF,98.87,FBF
465,1458,C32H64,16.626,448.5012,,FBF,98.81,FBF
470,6639,C36H71NO2,13.56,549.5477,,FBF,98.68,FBF
471,840,C19H39NO,14.911,297.3028,,FBF,98.6,FBF
472,3388,C16H24O6,7.504,312.1576,,FBF,98.57,FBF
473,74,C16H27NO6,7.504,329.184,,FBF,98.57,FBF
474,1211,C14H25NO4,6.88,271.1786,,FBF,98.55,FBF
476,540,C26H50O4,17.536,426.3716,,FBF,98.47,FBF
478,843,C20H39NO,13.742,309.303,,FBF,98.43,FBF
479,6542,C15H20O5,7.945,280.1313,,FBF,98.42,FBF
480,481,C11H23NO2,0.384,201.173,,FBF,98.38,FBF
481,679,C11H20O2,0.384,184.1464,,FBF,98.38,FBF
482,8343,C27H38O,15.977,378.2927,,FBF,98.37,FBF
483,1460,C8H14,13.846,110.1091,,FBF,98.3,FBF
487,248,C21H24O8,7.244,404.1471,,FBF,98.16,FBF
488,5954,C14H25N5O7,2.67,375.176,,FBF,98.13,FBF
492,465,C16H26O5,1.787,298.1774,,FBF,98.05,FBF
494,179,C12H13NO2S,6.776,235.0667,,FBF,98.01,FBF
498,6543,C18H28O11,7.945,420.163,,FBF,97.72,FBF
499,7070,C22H37NO8,3.397,443.2523,,FBF,97.7,FBF
500,223,C13H10O,7.711,182.0731,,FBF,97.65,FBF
501,817,C13H25NO3,13.352,243.1833,,FBF,97.65,FBF
502,653,C13H22O3,13.352,226.1568,,FBF,97.65,FBF
504,2422,C10H20O4,5.815,204.1365,,FBF,97.63,FBF
505,5941,C12H24N6O6,2.073,348.1761,,FBF,97.48,FBF
506,5858,C12H21N5O6,2.073,331.1496,,FBF,97.48,FBF
507,1064,C25H47NO4,7.504,425.3497,,FBF,97.38,FBF
508,1024,C25H35NO3,7.036,397.2609,,FBF,97.38,FBF
509,360,C10H8O3,7.114,176.0469,,FBF,97.35,FBF
510,8296,C27H43NO2,14.339,413.3301,,FBF,97.35,FBF
511,8309,C23H28O3,7.062,352.2041,,FBF,97.34,FBF
512,6508,C22H24O5,7.296,368.1621,,FBF,97.13,FBF
514,59,C9H17N,0.358,139.1357,,FBF,96.86,FBF
518,6830,C26H53NO4,17.536,443.3973,,FBF,96.6,FBF
521,5888,C16H32N10O5,3.267,444.2562,,FBF,96.54,FBF
522,775,C9H14O,5.321,138.1044,,FBF,96.49,FBF
523,6559,C21H28O11,9.063,456.1629,,FBF,96.46,FBF
524,853,C25H47NO,9.271,377.3651,,FBF,96.46,FBF
525,5821,C12H16N6O3,8.335,292.1291,,FBF,96.43,FBF
526,5607,C12H13N5O3,8.335,275.1024,,FBF,96.43,FBF
527,4910,C42H80O13P2,4.801,854.5089,,FBF,96.4,FBF
528,557,C22H42O2,9.271,338.3186,,FBF,96.38,FBF
529,1146,C22H45NO2,9.245,355.345,,FBF,96.38,FBF
530,7693,C25H42O6,3.397,438.2969,,FBF,96.31,FBF
531,400,C16H27NO11,7.296,409.1576,,FBF,96.27,FBF
532,564,C10H20O3,10.909,188.1409,,FBF,96.26,FBF
537,6397,C20H22N7O6,9.063,456.1631,,FBF,96.07,FBF
538,845,C22H45NO,17.12,339.3493,,FBF,95.93,FBF
539,7629,C24H33NO7,7.27,447.225,,FBF,95.77,FBF
541,5978,C15H24N6O5,7.53,368.1812,,FBF,95.72,FBF
542,734,C14H20O2,9.271,220.146,,FBF,95.71,FBF
543,858,C27H51NO,11.767,405.3959,,FBF,95.64,FBF
544,1469,C33H66,18.133,462.516,,FBF,95.63,FBF
545,5784,C15H21N3O3,4.489,291.1573,,FBF,95.6,FBF
546,1286,C28H48O4,17.536,448.3542,,FBF,95.44,FBF
547,713,C27H40O2,14.339,396.3034,,FBF,95.44,FBF
548,5828,C15H23N3O4,0.436,309.1684,,FBF,95.36,FBF
549,6641,C32H63NO2,11.871,493.4851,,FBF,95.34,FBF
550,6493,C24H30O7,7.27,430.199,,FBF,95.32,FBF
551,5473,C32H59O7P,7.971,586.3995,,FBF,95.25,FBF
553,1234,C26H45NO6,0.384,467.3235,,FBF,95.15,FBF
556,5621,C15H21N5O5,7.504,351.1546,,FBF,95.14,FBF
557,8322,C27H38O3,7.634,410.2821,,FBF,95.13,FBF
559,6131,C23H36N6O4,3.397,460.2793,,FBF,95.02,FBF
561,493,C17H32O2,9.687,268.2402,,FBF,94.93,FBF
562,850,C24H49NO,17.821,367.3819,,FBF,94.8,FBF
564,2430,C30H49NO8,14.807,551.3462,,FBF,94.78,FBF
565,47,C15H15N3O,8.335,253.1209,,FBF,94.66,FBF
566,790,C25H48N6O8,7.841,560.3524,,FBF,94.61,FBF
567,5841,C35H56N6O6,5.659,656.4265,,FBF,94.59,FBF
568,2337,C28H52O14,4.073,612.3342,,FBF,94.56,FBF
569,5159,C41H65O15P,7.945,828.4073,,FBF,94.53,FBF
570,8217,C41H71NO7S,10.103,721.496,,FBF,94.45,FBF
571,7242,C27H53N2O6P,5.425,532.3642,,FBF,94.29,FBF
572,5447,C48H74NO13P,4.879,903.4895,,FBF,94.26,FBF
573,6126,C20H31N3O5,7.945,393.226,,FBF,94.23,FBF
574,1984,C42H74O9,14.184,722.5337,,FBF,94.21,FBF
576,1025,C27H41NO3,7.634,427.3082,,FBF,94.19,FBF
577,110,C9H11N3O,0.41,177.0893,,FBF,94.16,FBF
578,6395,C6H5N5O2,1.683,179.0447,,FBF,94.15,FBF
580,102,C9H15NO2,7.997,169.1102,,FBF,94.05,FBF
581,231,C9H12O2,7.997,152.0836,,FBF,94.05,FBF
582,260,C12H14O4,7.114,222.0896,,FBF,94.03,FBF
583,6749,C21H43NO4,7.036,373.319,,FBF,93.99,FBF
584,1782,C41H76O14,10.025,792.5215,,FBF,93.97,FBF
585,523,C10H18O5,5.867,218.1153,,FBF,93.91,FBF
586,478,C23H39NO4,3.969,393.2878,,FBF,93.9,FBF
588,5597,C12H11N5,9.271,225.1017,,FBF,93.76,FBF
589,332,C15H18N4,6.88,254.1522,,FBF,93.7,FBF
592,6276,C10H16O,10.129,152.1202,,FBF,93.42,FBF
594,8252,C39H67NO6S,10.129,677.4706,,FBF,93.37,FBF
595,6933,C41H79NO14,10.051,809.5489,,FBF,93.25,FBF
596,572,C20H40O3,8.959,328.2968,,FBF,93.21,FBF
597,217,C27H29N3O9,3.657,539.1908,,FBF,93.21,FBF
598,4475,C32H48NO10P,14.002,637.3022,,FBF,93.2,FBF
599,6182,C3H10N3O5PS,1.007,231.0081,,FBF,93.18,FBF
633,87,C26H37NO6,7.92,459.2616,,FBF,99.16,FBF
634,717,C8H18O2,13.821,146.1306,,FBF,99.13,FBF
642,59,C6H11NO,1.396,113.0838,,FBF,99.0,FBF
643,5277,C10H18N2O2,0.747,198.1367,,FBF,98.97,FBF
645,154,C10H15NO2,0.747,181.11,,FBF,98.97,FBF
658,421,C20H40,9.012,280.3126,,FBF,98.38,FBF
670,1768,C31H54O9,4.125,570.3759,,FBF,97.78,FBF
671,3820,C30H56NO10P,4.619,621.3641,,FBF,97.7,FBF
678,2253,C31H59NO9,10.207,589.4181,,FBF,97.41,FBF
679,1767,C31H56O9,10.207,572.3914,,FBF,97.41,FBF
694,7125,C29H50O8,3.943,526.3495,,FBF,96.77,FBF
695,5463,C13H23N5O7,2.799,361.1592,,FBF,96.7,FBF
702,582,C19H34O3,12.183,310.2507,,FBF,96.22,FBF
706,1613,C33H58O10,4.281,614.4017,,FBF,95.87,FBF
710,66,C15H27NO5,0.409,301.1889,,FBF,95.72,FBF
711,6032,C15H24O5,0.409,284.1622,,FBF,95.72,FBF
714,3457,C26H45O11P,3.761,564.2688,,FBF,95.63,FBF
715,549,C16H32O4,7.244,288.2291,,FBF,95.56,FBF
719,5392,C16H27N9O5,3.891,425.2149,,FBF,95.36,FBF
720,809,C13H26N4O3,3.293,286.2007,,FBF,95.32,FBF
724,4377,C38H78O12P2,4.75,788.4984,,FBF,95.17,FBF
725,1045,C17H35NO2,9.662,285.2667,,FBF,95.17,FBF
727,1967,C37H66O13S,5.01,750.4225,,FBF,95.13,FBF
728,705,C8H16O,13.821,128.1198,,FBF,95.11,FBF
734,5401,C13H24N6O7,3.371,376.1709,,FBF,94.85,FBF
735,3912,C43H72NO8P,5.036,761.4986,,FBF,94.85,FBF
736,5128,C5H7N5O,2.071,153.0654,,FBF,94.85,FBF
739,808,C10H20N4O3,2.435,244.1543,,FBF,94.61,FBF
740,4786,C44H66NO11P,4.75,815.4375,,FBF,94.48,FBF
741,4703,C37H57O15P,7.244,772.3449,,FBF,94.47,FBF
743,360,C12H22O11,0.409,342.1164,,FBF,94.42,FBF
744,3439,C24H41O10P,3.501,520.2425,,FBF,94.34,FBF
748,5408,C12H24N6O5S,2.643,364.1525,,FBF,94.16,FBF
751,4941,C46H70NO12P,4.854,859.4628,,FBF,93.98,FBF
752,1373,C18H36O6,8.57,348.2511,,FBF,93.94,FBF
753,5083,C8H14N3O7P,4.984,295.0563,,FBF,93.92,FBF
754,2879,C35H53NO7,4.619,599.3822,,FBF,93.92,FBF
756,6855,C29H52N4O3,10.831,504.4021,,FBF,93.87,FBF
757,5544,C16H28N4O7,3.007,388.1948,,FBF,93.81,FBF
758,4127,C47H80NO10P,4.854,849.5527,,FBF,93.73,FBF
759,7117,C27H46O7,3.761,482.3232,,FBF,93.69,FBF
761,6961,C28H46O13,4.489,590.293,,FBF,93.61,FBF
762,4918,C19H32NO11P,3.293,481.1717,,FBF,93.59,FBF
763,1090,C15H29NO5,9.246,303.2055,,FBF,93.58,FBF
764,4438,C32H53O12P,16.03,660.3244,,FBF,93.57,FBF
766,3861,C48H80NO11P,5.218,877.5477,,FBF,93.38,FBF
768,4509,C45H84O15P2,5.27,926.5266,,FBF,93.22,FBF
769,3418,C43H69O8P,4.671,744.4732,,FBF,93.16,FBF
772,4794,C49H84NO11P,4.906,893.5783,,FBF,93.09,FBF
773,3888,C42H68NO11P,4.75,793.4538,,FBF,92.99,FBF
774,2642,C37H68O12,10.103,704.4688,,FBF,92.98,FBF
779,2003,C43H70O13S,4.75,826.455,,FBF,92.72,FBF
781,56,C9H18N2O2,0.695,186.1368,,FBF,92.62,FBF
782,5365,C18H27N3O5,7.244,365.194,,FBF,92.6,FBF
783,3894,C50H78NO11P,5.218,899.5302,,FBF,92.6,FBF
784,4499,C50H75O11P,5.218,882.5026,,FBF,92.6,FBF
786,5717,C11H18N4O2,0.435,238.1418,,FBF,92.55,FBF
787,3582,C45H67O8P,4.671,766.4563,,FBF,92.53,FBF
788,5558,C16H29N5O5,3.371,371.2158,,FBF,92.47,FBF
789,2212,C33H58O11S,4.802,662.3719,,FBF,92.44,FBF
791,1957,C35H62O12S,4.906,706.397,,FBF,92.36,FBF
792,5322,C21H38N4O8,3.371,474.2671,,FBF,92.27,FBF
793,2148,C43H64O12S,4.671,804.4116,,FBF,92.26,FBF
794,6904,C19H28O5S,7.244,368.1649,,FBF,92.21,FBF
795,5370,C16H23N3O5,3.345,337.1623,,FBF,92.19,FBF
796,2633,C35H64O11,10.103,660.4432,,FBF,92.16,FBF
797,6710,C34H55N2O6P,4.932,618.3803,,FBF,92.15,FBF
798,564,C21H32O3,12.287,332.2338,,FBF,92.09,FBF
799,5569,C23H28N4O7,11.325,472.1972,,FBF,92.07,FBF
